Workbook

Sheet مطالبات شرکت 
C2: وضعیت مطالبات شرکت امن افزار گستر شریف طی سال 1402 و 1403
C3: جمع فاکتور | D3: مبلغ مرجوعی | E3: کسورات قانونی | F3: مبلغ پرداختی | G3: مبلغ دریافتی | H3: مانده
C4: =C13+C21 -> 1531796945162 | D4: =D13+D21 -> 1035500000 | E4: =E13+E21 -> 74483823968 | F4: =F13+F21 -> 0 | G4: =G13+G21 -> 1490830922996 | H4: =H13+H21 -> 689259572799 | I4: =I13+I21 -> #REF! | J4: =J13+J21 -> #REF! | ... N4: =N13+N21 -> #REF!
B7: وضعیت مطالبات شرکت در سال 1402
B8: بتا ها | C8: 1402 | I8: 1403
C9: جمع فاکتور | D9: مبلغ مرجوعی | E9: کسورات قانونی | F9: مبلغ پرداختی | G9: مبلغ دریافتی | H9: مانده | I9: جمع فاکتور | J9: مبلغ مرجوعی | K9: کسورات قانونی | L9: مبلغ پرداختی | M9: مبلغ دریافتی | N9: مانده
B10: تولید | C10: ='مطالبات به تفکیک بتاها '!I4+'مطالبات به تفکیک بتاها '!I6+'مطالبات به تفکیک بتاها '!I8+'مطالبات به تفکیک بتاها '!I10 -> 160014685350 | D10: ='مطالبات به تفکیک بتاها '!E4+'مطالبات به تفکیک بتاها '!E6+'مطالبات به تفکیک بتاها '!E8+'مطالبات به تفکیک بتاها '!E10 -> 0 | E10: ='مطالبات به تفکیک بتاها '!F4+'مطالبات به تفکیک بتاها '!F6+'مطالبات به تفکیک بتاها '!F8+'مطالبات به تفکیک بتاها '!F10 -> 27371590261 | F10: ='مطالبات به تفکیک بتاها '!G4+'مطالبات به تفکیک بتاها '!G6+'مطالبات به تفکیک بتاها '!G8+'مطالبات به تفکیک بتاها '!G10 -> 0 | G10: ='مطالبات به تفکیک بتاها '!H4+'مطالبات به تفکیک بتاها '!H6+'مطالبات به تفکیک بتاها '!H8+'مطالبات به تفکیک بتاها '!H10 -> 696441284340 | H10: ='مطالبات به تفکیک بتاها '!I4+'مطالبات به تفکیک بتاها '!I6+'مطالبات به تفکیک بتاها '!I8+'مطالبات به تفکیک بتاها '!I10 -> 160014685350 | I10: =#REF!+#REF!+#REF!+#REF! -> #REF! | J10: =#REF!+#REF!+#REF!+#REF! -> #REF! | K10: =#REF!+#REF!+#REF!+#REF! -> #REF! | L10: =#REF!+#REF!+#REF!+#REF! -> #REF! | M10: =#REF!+#REF!+#REF!+#REF! -> #REF! | N10: =#REF!+#REF!+#REF!+#REF! -> #REF!
B11: خدمت | C11: ='مطالبات به تفکیک بتاها '!D15+'مطالبات به تفکیک بتاها '!D17+'مطالبات به تفکیک بتاها '!D19 -> 536887412198 | D11: ='مطالبات به تفکیک بتاها '!E15+'مطالبات به تفکیک بتاها '!E17+'مطالبات به تفکیک بتاها '!E19 -> 1035500000 | E11: ='مطالبات به تفکیک بتاها '!F15+'مطالبات به تفکیک بتاها '!F17+'مطالبات به تفکیک بتاها '!F19 -> 44353135357 | F11: ='مطالبات به تفکیک بتاها '!G15+'مطالبات به تفکیک بتاها '!G17+'مطالبات به تفکیک بتاها '!G19 -> 0 | G11: ='مطالبات به تفکیک بتاها '!H15+'مطالبات به تفکیک بتاها '!H17+'مطالبات به تفکیک بتاها '!H19 -> 403449613713 | H11: ='مطالبات به تفکیک بتاها '!I15+'مطالبات به تفکیک بتاها '!I17+'مطالبات به تفکیک بتاها '!I19 -> 88049163128 | I11: =#REF!+#REF!+#REF! -> #REF! | J11: =#REF!+#REF!+#REF! -> #REF! | K11: =#REF!+#REF!+#REF! -> #REF! | L11: =#REF!+#REF!+#REF! -> #REF! | M11: =#REF!+#REF!+#REF! -> #REF! | N11: =#REF!+#REF!+#REF! -> #REF!
B12: مشهد | C12: ='مطالبات به تفکیک بتاها '!D24+'مطالبات به تفکیک بتاها '!D26 -> 32158478190 | D12: ='مطالبات به تفکیک بتاها '!E24+'مطالبات به تفکیک بتاها '!E26 -> 0 | E12: ='مطالبات به تفکیک بتاها '!F24+'مطالبات به تفکیک بتاها '!F26 -> 2733093150 | F12: ='مطالبات به تفکیک بتاها '!G24+'مطالبات به تفکیک بتاها '!G26 -> 0 | G12: ='مطالبات به تفکیک بتاها '!H24+'مطالبات به تفکیک بتاها '!H26 -> 25228561540 | H12: ='مطالبات به تفکیک بتاها '!I24+'مطالبات به تفکیک بتاها '!I26 -> 4196823500 | I12: =#REF!+#REF! -> #REF! | J12: =#REF!+#REF! -> #REF! | K12: =#REF!+#REF! -> #REF! | L12: =#REF!+#REF! -> #REF! | M12: =#REF!+#REF! -> #REF! | N12: =#REF!+#REF! -> #REF!
B13: جمع | C13: =SUM(C10:C12) -> 729060575738 | D13: =SUM(D10:D12) -> 1035500000 | E13: =SUM(E10:E12) -> 74457818768 | F13: =SUM(F10:F12) -> 0 | G13: =SUM(G10:G12) -> 1125119459593 | H13: =SUM(H10:H12) -> 252260671978 | I13: =SUM(I10:I12) -> #REF! | J13: =SUM(J10:J12) -> #REF! | ... N13: =SUM(N10:N12) -> #REF!
B15: وضعیت مطالبات شرکت در سال 1403
B16: بتا ها | C16: 1403
C17: جمع فاکتور | D17: مبلغ مرجوعی | E17: کسورات قانونی | F17: مبلغ پرداختی | G17: مبلغ دریافتی | H17: مانده
B18: تولید | C18: ='مطالبات به تفکیک بتاها '!D5+'مطالبات به تفکیک بتاها '!D7+'مطالبات به تفکیک بتاها '!D9+'مطالبات به تفکیک بتاها '!D11 -> 316988960920 | D18: ='مطالبات به تفکیک بتاها '!E5+'مطالبات به تفکیک بتاها '!E7+'مطالبات به تفکیک بتاها '!E9+'مطالبات به تفکیک بتاها '!E11 -> 0 | E18: ='مطالبات به تفکیک بتاها '!F5+'مطالبات به تفکیک بتاها '!F7+'مطالبات به تفکیک بتاها '!F9+'مطالبات به تفکیک بتاها '!F11 -> 0 | F18: ='مطالبات به تفکیک بتاها '!G5+'مطالبات به تفکیک بتاها '!G7+'مطالبات به تفکیک بتاها '!G9+'مطالبات به تفکیک بتاها '!G11 -> 0 | G18: ='مطالبات به تفکیک بتاها '!H5+'مطالبات به تفکیک بتاها '!H7+'مطالبات به تفکیک بتاها '!H9+'مطالبات به تفکیک بتاها '!H11 -> 149993416971 | H18: ='مطالبات به تفکیک بتاها '!I5+'مطالبات به تفکیک بتاها '!I7+'مطالبات به تفکیک بتاها '!I9+'مطالبات به تفکیک بتاها '!I11 -> 166995543949
B19: خدمت | C19: ='مطالبات به تفکیک بتاها '!D16+'مطالبات به تفکیک بتاها '!D18+'مطالبات به تفکیک بتاها '!D20 -> 444617384404 | D19: ='مطالبات به تفکیک بتاها '!E16+'مطالبات به تفکیک بتاها '!E18+'مطالبات به تفکیک بتاها '!E20 -> 0 | E19: ='مطالبات به تفکیک بتاها '!F16+'مطالبات به تفکیک بتاها '!F18+'مطالبات به تفکیک بتاها '!F20 -> 26005200 | F19: ='مطالبات به تفکیک بتاها '!G16+'مطالبات به تفکیک بتاها '!G18+'مطالبات به تفکیک بتاها '!G20 -> 0 | G19: ='مطالبات به تفکیک بتاها '!H16+'مطالبات به تفکیک بتاها '!H18+'مطالبات به تفکیک بتاها '!H20 -> 203444233582 | H19: ='مطالبات به تفکیک بتاها '!I16+'مطالبات به تفکیک بتاها '!I18+'مطالبات به تفکیک بتاها '!I20 -> 241147145622
B20: مشهد | C20: ='مطالبات به تفکیک بتاها '!D25+'مطالبات به تفکیک بتاها '!D27 -> 41130024100 | D20: ='مطالبات به تفکیک بتاها '!E25+'مطالبات به تفکیک بتاها '!E27 -> 0 | E20: ='مطالبات به تفکیک بتاها '!F25+'مطالبات به تفکیک بتاها '!F27 -> 0 | F20: ='مطالبات به تفکیک بتاها '!G25+'مطالبات به تفکیک بتاها '!G27 -> 0 | G20: ='مطالبات به تفکیک بتاها '!H25+'مطالبات به تفکیک بتاها '!H27 -> 12273812850 | H20: ='مطالبات به تفکیک بتاها '!I25+'مطالبات به تفکیک بتاها '!I27 -> 28856211250
B21: جمع | C21: =SUM(C18:C20) -> 802736369424 | D21: =SUM(D18:D20) -> 0 | E21: =SUM(E18:E20) -> 26005200 | F21: =SUM(F18:F20) -> 0 | G21: =SUM(G18:G20) -> 365711463403 | H21: =SUM(H18:H20) -> 436998900821
A24: بتا | B24: راهبر فروش / همدل فروش / همیار فروش | C24: سال | D24: جمع فاكتور | E24: مبلغ مرجوعي | F24: کسورات قانوني | G24: مبلغ پرداختي | H24: مبلغ دريافتي | I24: مانده | J24: جمع مانده 402 و403
A25: بازرگانی | B25: نوروزی | C25: 1402 | D25: =[1]Sheet1!$D$54 -> 3349932214235 | E25: =[1]Sheet1!$E$54 -> 0 | F25: =[1]Sheet1!$F$54 -> 944136000 | G25: =[1]Sheet1!$G$54 -> 0 | H25: =[1]Sheet1!$H$54 -> 409149359631 | I25: =[1]Sheet1!$I$54 -> 2939838718604 | J25: =I25 -> 2939838718604
C26: 1403 | D26: =[2]Sheet1!$D$25 -> 2660379770745 | E26: =[2]Sheet1!$E$25 -> 0 | F26: =[2]Sheet1!$F$25 -> 40560000 | G26: =[2]Sheet1!$G$25 -> 0 | H26: =[2]Sheet1!$H$25 -> 151009286163 | I26: =[2]Sheet1!$I$25 -> 2509329924582 | J26: =I26 -> 2509329924582
A27: جمع | D27: =SUM(D25:D26) -> 6010311984980 | E27: =SUM(E25:E26) -> 0 | F27: =SUM(F25:F26) -> 984696000 | G27: =SUM(G25:G26) -> 0 | H27: =SUM(H25:H26) -> 560158645794 | I27: =SUM(I25:I26) -> 5449168643186 | J27: =SUM(J25:J26) -> 5449168643186

Sheet مطالبات به تفکیک  بتاها 
A2: آخرین وضعیت مطالبات شرکت امن افزار گستر شریف به تفکیک بتا ها و همدل ها
A3: بتا | B3: راهبر فروش / همدل فروش / همیار فروش | C3: سال | D3: جمع فاكتور | E3: مبلغ مرجوعي | F3: کسورات قانوني | G3: مبلغ پرداختي | H3: مبلغ دريافتي | I3: مانده | J3: جمع مانده 402 و403
A4: تولید | B4: اشرفی | C4: 1402 | D4: =SUM([3]Sheet1!$D$2:$D$64) -> 276417686720 | E4: =SUM([3]Sheet1!$E$2:$E$64) -> 0 | F4: =SUM([3]Sheet1!$F$2:$F$64) -> 1198710000 | G4: =SUM([4]Sheet1!$G$2:$G$25) -> 0 | H4: =SUM([3]Sheet1!$H$2:$H$64) -> 158060938059 | I4: =SUM([3]Sheet1!$I$2:$I$64) -> 117158038661 | J4: =I4+I5 -> 155714739761
C5: 1403 | D5: =SUM([4]Sheet1!$D$2:$D$25) -> 86087848200 | E5: =SUM([4]Sheet1!$E$2:$E$25) -> 0 | F5: =SUM([4]Sheet1!$F$2:$F$25) -> 0 | G5: =SUM([4]Sheet1!$G$2:$G$25) -> 0 | H5: =SUM([4]Sheet1!$H$2:$H$25) -> 47531147100 | I5: =SUM([4]Sheet1!$I$2:$I$25) -> 38556701100
B6: دادمهر | C6: 1402 | D6: =SUM([5]Sheet1!$D$2:$D$80) -> 158507390290 | E6: =SUM([5]Sheet1!$E$2:$E$80) -> 0 | F6: =SUM([5]Sheet1!$F$2:$F$80) -> 352725000 | G6: =SUM([5]Sheet1!$G$2:$G$80) -> 0 | H6: =SUM([5]Sheet1!$H$2:$H$80) -> 146068692960 | I6: =SUM([5]Sheet1!$I$2:$I$80) -> 12085972330 | J6: =I6+I7 -> 12085972330
C7: 1403 | D7: 0 | E7: 0 | F7: 0 | G7: 0 | H7: 0 | I7: 0
B8: برادران | C8: 1402 | D8: =SUM([6]Sheet1!$D$2:$D$33) -> 250566197595 | E8: =SUM([6]Sheet1!$E$2:$E$33) -> 0 | F8: =SUM([6]Sheet1!$F$2:$F$33) -> 19170153180 | G8: =SUM([6]Sheet1!$G$2:$G$33) -> 0 | H8: =SUM([6]Sheet1!$H$2:$H$33) -> 230487200815 | I8: =SUM([6]Sheet1!$I$2:$I$33) -> 908843600 | J8: =I8+I9 -> 71249090742
C9: 1403 | D9: =SUM([7]Sheet1!$D$2:$D$18) -> 120411817542 | E9: =SUM([7]Sheet1!$E$2:$E$18) -> 0 | F9: =SUM([7]Sheet1!$F$2:$F$18) -> 0 | G9: =SUM([7]Sheet1!$G$2:$G$18) -> 0 | H9: =SUM([7]Sheet1!$H$2:$H$18) -> 50071570400 | I9: =SUM([7]Sheet1!$I$2:$I$18) -> 70340247142
B10: آذرنیا | C10: 1402 | D10: =SUM([8]Sheet1!$D$2:$D$285) -> 198336285346 | E10: =SUM([8]Sheet1!$E$2:$E$285) -> 0 | F10: =SUM([8]Sheet1!$F$2:$F$285) -> 6650002081 | G10: =SUM([8]Sheet1!$G$2:$G$285) -> 0 | H10: =SUM([8]Sheet1!$H$2:$H$285) -> 161824452506 | I10: =SUM([8]Sheet1!$I$2:$I$285) -> 29861830759 | J10: =I10+I11 -> 87960426466
C11: 1403 | D11: =SUM([9]Sheet1!$D$2:$D$137) -> 110489295178 | E11: =SUM([9]Sheet1!$E$2:$E$137) -> 0 | F11: =SUM([9]Sheet1!$F$2:$F$137) -> 0 | G11: =SUM([9]Sheet1!$G$2:$G$137) -> 0 | H11: =SUM([9]Sheet1!$H$2:$H$137) -> 52390699471 | I11: =SUM([9]Sheet1!$I$2:$I$137) -> 58098595707
J12: =SUM(J4:J11) -> 327010229299
A14: بتا | B14: راهبر فروش / همدل فروش / همیار فروش | C14: سال | D14: جمع فاكتور | E14: مبلغ مرجوعي | F14: کسورات قانوني | G14: مبلغ پرداختي | H14: مبلغ دريافتي | I14: مانده | J14: جمع مانده 402 و403
A15: خدمت | B15: وکیلی | C15: 1402 | D15: =SUM([10]Sheet1!$D$2:$D$94) -> 149566388411 | E15: =SUM([10]Sheet1!$E$2:$E$94) -> 1035500000 | F15: =SUM([10]Sheet1!$F$2:$F$94) -> 5904302119 | G15: =SUM([10]Sheet1!$G$2:$G$94) -> 0 | H15: =SUM([10]Sheet1!$H$2:$H$94) -> 88429487901 | I15: =SUM([10]Sheet1!$I$2:$I$94) -> 54197098391 | J15: =I15+I16 -> 224933357269
C16: 1403 | D16: =SUM([11]Sheet1!$D$2:$D$79) -> 343261406123 | E16: =SUM([11]Sheet1!$E$2:$E$79) -> 0 | F16: =SUM([11]Sheet1!$F$2:$F$79) -> 26005200 | G16: =SUM([11]Sheet1!$G$2:$G$79) -> 0 | H16: =SUM([11]Sheet1!$H$2:$H$79) -> 172499142045 | I16: =SUM([11]Sheet1!$I$2:$I$79) -> 170736258878
B17: مهدوی | C17: 1402 | D17: =SUM([12]Sheet1!$D$2:$D$48) -> 288534462203 | E17: =SUM([12]Sheet1!$E$2:$E$48) -> 0 | F17: =SUM([12]Sheet1!$F$2:$F$48) -> 28445842695 | G17: =SUM([12]Sheet1!$G$2:$G$48) -> 0 | H17: =SUM([12]Sheet1!$H$2:$H$48) -> 232968950598 | I17: =SUM([12]Sheet1!$I$2:$I$48) -> 27119668910 | J17: =I17+I18 -> 81354104897
C18: 1403 | D18: =SUM([13]Sheet1!$D$2:$D$17) -> 78480841862 | E18: =SUM([13]Sheet1!$E$2:$E$17) -> 0 | F18: =SUM([13]Sheet1!$F$2:$F$17) -> 0 | G18: =SUM([13]Sheet1!$G$2:$G$17) -> 0 | H18: =SUM([13]Sheet1!$H$2:$H$17) -> 24246405875 | I18: =SUM([13]Sheet1!$I$2:$I$17) -> 54234435987
B19: مبارکی | C19: 1402 | D19: =SUM([14]Sheet1!$D$2:$D$26) -> 98786561584 | E19: =SUM([14]Sheet1!$E$2:$E$26) -> 0 | F19: =SUM([14]Sheet1!$F$2:$F$26) -> 10002990543 | G19: =SUM([14]Sheet1!$G$2:$G$26) -> 0 | H19: =SUM([14]Sheet1!$H$2:$H$26) -> 82051175214 | I19: =SUM([14]Sheet1!$I$2:$I$26) -> 6732395827 | J19: =I19+I20 -> 22908846584
C20: 1403 | D20: =SUM([15]Sheet1!$D$2:$D$7) -> 22875136419 | E20: =SUM([15]Sheet1!$E$2:$E$7) -> 0 | F20: =SUM([15]Sheet1!$F$2:$F$7) -> 0 | G20: =SUM([15]Sheet1!$G$2:$G$7) -> 0 | H20: =SUM([15]Sheet1!$H$2:$H$7) -> 6698685662 | I20: =SUM([15]Sheet1!$I$2:$I$7) -> 16176450757
J21: =SUM(J15:J20) -> 329196308750
A23: بتا | B23: راهبر فروش / همدل فروش / همیار فروش | C23: سال | D23: جمع فاكتور | E23: مبلغ مرجوعي | F23: کسورات قانوني | G23: مبلغ پرداختي | H23: مبلغ دريافتي | I23: مانده | J23: جمع مانده 402 و403
A24: مشهد | B24: احمدیان | C24: 1402 | D24: =SUM([16]Sheet1!$D$2:$D$8) -> 13065222870 | E24: =SUM([16]Sheet1!$E$2:$E$8) -> 0 | F24: =SUM([16]Sheet1!$F$2:$F$8) -> 730092825 | G24: =SUM([16]Sheet1!$G$2:$G$8) -> 0 | H24: =SUM([16]Sheet1!$H$2:$H$8) -> 8444969870 | I24: =SUM([16]Sheet1!$I$2:$I$8) -> 3890160175 | J24: =I24+I25 -> 3890160175
C25: 1403 | D25: 0 | E25: 0 | F25: 0 | G25: 0 | H25: 0 | I25: 0
B26: دادمهر | C26: 1402 | D26: =SUM([17]Sheet1!$D$2:$D$7) -> 19093255320 | E26: =SUM([17]Sheet1!$E$2:$E$7) -> 0 | F26: =SUM([17]Sheet1!$F$2:$F$7) -> 2003000325 | G26: =SUM([17]Sheet1!$G$2:$G$7) -> 0 | H26: =SUM([17]Sheet1!$H$2:$H$7) -> 16783591670 | I26: =SUM([17]Sheet1!$I$2:$I$7) -> 306663325 | J26: =I26+I27 -> 29162874575
C27: 1403 | D27: =SUM([18]Sheet1!$D$2:$D$9) -> 41130024100 | E27: =SUM([18]Sheet1!$E$2:$E$9) -> 0 | F27: =SUM([18]Sheet1!$F$2:$F$9) -> 0 | G27: =SUM([18]Sheet1!$G$2:$G$9) -> 0 | H27: =SUM([18]Sheet1!$H$2:$H$9) -> 12273812850 | I27: =SUM([18]Sheet1!$I$2:$I$9) -> 28856211250
J28: =SUM(J24:J27) -> 33053034750
A30: بتا | B30: راهبر فروش / همدل فروش / همیار فروش | C30: سال | D30: جمع فاكتور | E30: مبلغ مرجوعي | F30: کسورات قانوني | G30: مبلغ پرداختي | H30: مبلغ دريافتي | I30: مانده | J30: جمع مانده 402 و403
A31: بازرگانی | B31: نوروزی | C31: 1402 | D31: =[1]Sheet1!$D$54 -> 3349932214235 | E31: =[1]Sheet1!$E$54 -> 0 | F31: =[1]Sheet1!$F$54 -> 944136000 | G31: =[1]Sheet1!$G$54 -> 0 | H31: =[1]Sheet1!$H$54 -> 409149359631 | I31: =[1]Sheet1!$I$54 -> 2939838718604 | J31: =I31 -> 2939838718604
C32: 1403 | D32: =[2]Sheet1!$D$25 -> 2660379770745 | E32: =[2]Sheet1!$E$25 -> 0 | F32: =[2]Sheet1!$F$25 -> 40560000 | G32: =[2]Sheet1!$G$25 -> 0 | H32: =[2]Sheet1!$H$25 -> 151009286163 | I32: =[2]Sheet1!$I$25 -> 2509329924582 | J32: =I32 -> 2509329924582
A33: جمع | D33: =SUM(D31:D32) -> 6010311984980 | E33: =SUM(E31:E32) -> 0 | F33: =SUM(F31:F32) -> 984696000 | G33: =SUM(G31:G32) -> 0 | H33: =SUM(H31:H32) -> 560158645794 | I33: =SUM(I31:I32) -> 5449168643186 | J33: =SUM(J31:J32) -> 5449168643186

Sheet برنامه ریزی وصول
B1: راهبر فروش / همدل فروش / همیار فروش | C1: سال | D1: جمع فاكتور | E1: مبلغ مرجوعي | F1: کسورات قانوني | G1: مبلغ پرداختي | H1: مبلغ دريافتي | I1: مانده | J1: جمع مانده 402 و403
B2: مهدوی | C2: 1402 | D2: =SUM([12]Sheet1!$D$2:$D$48) -> 288534462203 | E2: =SUM([12]Sheet1!$E$2:$E$48) -> 0 | F2: =SUM([12]Sheet1!$F$2:$F$48) -> 28445842695 | G2: =SUM([12]Sheet1!$G$2:$G$48) -> 0 | H2: =SUM([12]Sheet1!$H$2:$H$48) -> 232968950598 | I2: =SUM([12]Sheet1!$I$2:$I$48) -> 27119668910 | J2: =I2+I3 -> 81354104897
C3: 1403 | D3: =SUM([13]Sheet1!$D$2:$D$17) -> 78480841862 | E3: =SUM([13]Sheet1!$E$2:$E$17) -> 0 | F3: =SUM([13]Sheet1!$F$2:$F$17) -> 0 | G3: =SUM([13]Sheet1!$G$2:$G$17) -> 0 | H3: =SUM([13]Sheet1!$H$2:$H$17) -> 24246405875 | I3: =SUM([13]Sheet1!$I$2:$I$17) -> 54234435987
B5: آخرین وضعیت | C5: 1403 | E5: 1402 | G5: جمع
B6: مفاصا حساب | C6: =SUMIFS([13]Sheet1!$I$2:$I$17,[13]Sheet1!$M$2:$M$17,B6) -> #VALUE! | E6: =SUMIFS([12]Sheet1!$I$2:$I$48,[12]Sheet1!$M$2:$M$48,B6) -> #VALUE! | G6: =E6+C6 -> #VALUE!
B7: پیش بینی وصولی ماه آینده | C7: =SUMIFS([13]Sheet1!$I$2:$I$17,[13]Sheet1!$M$2:$M$17,B7) -> #VALUE! | E7: =SUMIFS([12]Sheet1!$I$2:$I$48,[12]Sheet1!$M$2:$M$48,B7) -> #VALUE! | G7: =E7+C7 -> #VALUE!
B8: عدم پرداخت توسط نامدار | C8: =SUMIFS([13]Sheet1!$I$2:$I$17,[13]Sheet1!$M$2:$M$17,B8) -> #VALUE! | E8: =SUMIFS([12]Sheet1!$I$2:$I$48,[12]Sheet1!$M$2:$M$48,B8) -> #VALUE! | G8: =E8+C8 -> #VALUE!
C10: =SUM(C6:D8) -> #VALUE! | E10: =SUM(E6:F8) -> #VALUE!
G11: =SUM(G6:G10) -> #VALUE!
